Workbook

Sheet Inventory_Data
A1: SKU_ID | B1: Product_Name | C1: Category | D1: Annual_Demand | E1: Unit_Cost | F1: Ordering_Cost | G1: Holding_Pct | H1: Lead_Time | I1: Current_ROP | J1: Current_OQ | K1: Avg_Daily | L1: Std_Dev | M1: EOQ | N1: Safety_Stock | O1: ROP | P1: Current_Annual_Cost(a) | Q1: Optimized_Annual_Cost(b) | R1: Saving(a-b)
A2: SKU001 | B2: Soap Bar 100g | C2: Personal Care | D2: 6000 | E2: 25 | F2: 200 | G2: 0.25 | H2: 5 | I2: 80 | J2: 300 | K2: 16.4 | L2: 4 | M2: =SQRT((2*Inventory_Data!D2*Inventory_Data!F2)/(Inventory_Data!E2*Inventory_Data!G2)) -> 619.67734 | N2: =ROUND(1.65*Inventory_Data!L2*SQRT(Inventory_Data!I2),0) -> 59 | O2: =ROUND((Inventory_Data!K2*Inventory_Data!I2)+Calculation!$A$7,0) -> 1371 | P2: =((Inventory_Data!J2/2*Inventory_Data!E2*Inventory_Data!G2)+(Inventory_Data!D2/Inventory_Data!J2*Inventory_Data!F2)) -> 4937.5 | Q2: =((Calculation!$A$3/2*Inventory_Data!E2*Inventory_Data!G2)+(Inventory_Data!D2/Calculation!$A$3*Inventory_Data!F2)) -> 3872.9833 | R2: =P2-Q2 -> 1064.5167
A3: SKU002 | B3: Rice 5kg | C3: Grocery | D3: 3000 | E3: 280 | F3: 350 | G3: 0.2 | H3: 7 | I3: 150 | J3: 200 | K3: 8.2 | L3: 3 | M3: =SQRT((2*Inventory_Data!D3*Inventory_Data!F3)/(Inventory_Data!E3*Inventory_Data!G3)) -> 193.64917 | N3: =ROUND(1.65*Inventory_Data!L3*SQRT(Inventory_Data!I3),0) -> 61 | O3: =ROUND((Inventory_Data!K3*Inventory_Data!I3)+Calculation!$A$7,0) -> 1289 | P3: =((Inventory_Data!J3/2*Inventory_Data!E3*Inventory_Data!G3)+(Inventory_Data!D3/Inventory_Data!J3*Inventory_Data!F3)) -> 10850 | Q3: =((Calculation!$A$3/2*Inventory_Data!E3*Inventory_Data!G3)+(Inventory_Data!D3/Calculation!$A$3*Inventory_Data!F3)) -> 19045.396 | R3: =P3-Q3 -> -8195.3956
A4: SKU003 | B4: Shampoo 200ml | C4: Personal Care | D4: 4500 | E4: 120 | F4: 300 | G4: 0.25 | H4: 6 | I4: 100 | J4: 250 | K4: 12.3 | L4: 5 | M4: =SQRT((2*Inventory_Data!D4*Inventory_Data!F4)/(Inventory_Data!E4*Inventory_Data!G4)) -> 300 | N4: =ROUND(1.65*Inventory_Data!L4*SQRT(Inventory_Data!I4),0) -> 83 | O4: =ROUND((Inventory_Data!K4*Inventory_Data!I4)+Calculation!$A$7,0) -> 1289 | P4: =((Inventory_Data!J4/2*Inventory_Data!E4*Inventory_Data!G4)+(Inventory_Data!D4/Inventory_Data!J4*Inventory_Data!F4)) -> 9150 | Q4: =((Calculation!$A$3/2*Inventory_Data!E4*Inventory_Data!G4)+(Inventory_Data!D4/Calculation!$A$3*Inventory_Data!F4)) -> 11473.713 | R4: =P4-Q4 -> -2323.7132
A5: SKU004 | B5: Detergent 1kg | C5: Household | D5: 5000 | E5: 90 | F5: 250 | G5: 0.22 | H5: 4 | I5: 120 | J5: 400 | K5: 13.7 | L5: 6 | M5: =SQRT((2*Inventory_Data!D5*Inventory_Data!F5)/(Inventory_Data!E5*Inventory_Data!G5)) -> 355.33453 | N5: =ROUND(1.65*Inventory_Data!L5*SQRT(Inventory_Data!I5),0) -> 108 | O5: =ROUND((Inventory_Data!K5*Inventory_Data!I5)+Calculation!$A$7,0) -> 1703 | P5: =((Inventory_Data!J5/2*Inventory_Data!E5*Inventory_Data!G5)+(Inventory_Data!D5/Inventory_Data!J5*Inventory_Data!F5)) -> 7085 | Q5: =((Calculation!$A$3/2*Inventory_Data!E5*Inventory_Data!G5)+(Inventory_Data!D5/Calculation!$A$3*Inventory_Data!F5)) -> 8151.9844 | R5: =P5-Q5 -> -1066.9844
A6: SKU005 | B6: Cooking Oil 1L | C6: Grocery | D6: 7000 | E6: 150 | F6: 380 | G6: 0.2 | H6: 8 | I6: 200 | J6: 350 | K6: 19.2 | L6: 8 | M6: =SQRT((2*Inventory_Data!D6*Inventory_Data!F6)/(Inventory_Data!E6*Inventory_Data!G6)) -> 421.10965 | N6: =ROUND(1.65*Inventory_Data!L6*SQRT(Inventory_Data!I6),0) -> 187 | O6: =ROUND((Inventory_Data!K6*Inventory_Data!I6)+Calculation!$A$7,0) -> 3899 | P6: =((Inventory_Data!J6/2*Inventory_Data!E6*Inventory_Data!G6)+(Inventory_Data!D6/Inventory_Data!J6*Inventory_Data!F6)) -> 12850 | Q6: =((Calculation!$A$3/2*Inventory_Data!E6*Inventory_Data!G6)+(Inventory_Data!D6/Calculation!$A$3*Inventory_Data!F6)) -> 13587.717 | R6: =P6-Q6 -> -737.71657
A7: SKU006 | B7: Toothpaste 100g | C7: Personal Care | D7: 5500 | E7: 60 | F7: 220 | G7: 0.25 | H7: 5 | I7: 90 | J7: 300 | K7: 15.1 | L7: 5 | M7: =SQRT((2*Inventory_Data!D7*Inventory_Data!F7)/(Inventory_Data!E7*Inventory_Data!G7)) -> 401.66321 | N7: =ROUND(1.65*Inventory_Data!L7*SQRT(Inventory_Data!I7),0) -> 78 | O7: =ROUND((Inventory_Data!K7*Inventory_Data!I7)+Calculation!$A$7,0) -> 1418 | P7: =((Inventory_Data!J7/2*Inventory_Data!E7*Inventory_Data!G7)+(Inventory_Data!D7/Inventory_Data!J7*Inventory_Data!F7)) -> 6283.3333 | Q7: =((Calculation!$A$3/2*Inventory_Data!E7*Inventory_Data!G7)+(Inventory_Data!D7/Calculation!$A$3*Inventory_Data!F7)) -> 6600.2091 | R7: =P7-Q7 -> -316.87579
A8: SKU007 | B8: Biscuits 200g | C8: Food | D8: 8000 | E8: 30 | F8: 180 | G8: 0.28 | H8: 3 | I8: 70 | J8: 500 | K8: 21.9 | L8: 9 | M8: =SQRT((2*Inventory_Data!D8*Inventory_Data!F8)/(Inventory_Data!E8*Inventory_Data!G8)) -> 585.54004 | N8: =ROUND(1.65*Inventory_Data!L8*SQRT(Inventory_Data!I8),0) -> 124 | O8: =ROUND((Inventory_Data!K8*Inventory_Data!I8)+Calculation!$A$7,0) -> 1592 | P8: =((Inventory_Data!J8/2*Inventory_Data!E8*Inventory_Data!G8)+(Inventory_Data!D8/Inventory_Data!J8*Inventory_Data!F8)) -> 4980 | Q8: =((Calculation!$A$3/2*Inventory_Data!E8*Inventory_Data!G8)+(Inventory_Data!D8/Calculation!$A$3*Inventory_Data!F8)) -> 4926.4348 | R8: =P8-Q8 -> 53.565184
A9: SKU008 | B9: Floor Cleaner 1L | C9: Household | D9: 2500 | E9: 110 | F9: 260 | G9: 0.22 | H9: 6 | I9: 80 | J9: 150 | K9: 6.8 | L9: 3 | M9: =SQRT((2*Inventory_Data!D9*Inventory_Data!F9)/(Inventory_Data!E9*Inventory_Data!G9)) -> 231.77361 | N9: =ROUND(1.65*Inventory_Data!L9*SQRT(Inventory_Data!I9),0) -> 44 | O9: =ROUND((Inventory_Data!K9*Inventory_Data!I9)+Calculation!$A$7,0) -> 603 | P9: =((Inventory_Data!J9/2*Inventory_Data!E9*Inventory_Data!G9)+(Inventory_Data!D9/Inventory_Data!J9*Inventory_Data!F9)) -> 6148.3333 | Q9: =((Calculation!$A$3/2*Inventory_Data!E9*Inventory_Data!G9)+(Inventory_Data!D9/Calculation!$A$3*Inventory_Data!F9)) -> 8547.0287 | R9: =P9-Q9 -> -2398.6954
A10: SKU009 | B10: Milk Powder 500g | C10: Food | D10: 3500 | E10: 320 | F10: 370 | G10: 0.2 | H10: 7 | I10: 130 | J10: 180 | K10: 9.6 | L10: 4 | M10: =SQRT((2*Inventory_Data!D10*Inventory_Data!F10)/(Inventory_Data!E10*Inventory_Data!G10)) -> 201.16846 | N10: =ROUND(1.65*Inventory_Data!L10*SQRT(Inventory_Data!I10),0) -> 75 | O10: =ROUND((Inventory_Data!K10*Inventory_Data!I10)+Calculation!$A$7,0) -> 1307 | P10: =((Inventory_Data!J10/2*Inventory_Data!E10*Inventory_Data!G10)+(Inventory_Data!D10/Inventory_Data!J10*Inventory_Data!F10)) -> 12954.444 | Q10: =((Calculation!$A$3/2*Inventory_Data!E10*Inventory_Data!G10)+(Inventory_Data!D10/Calculation!$A$3*Inventory_Data!F10)) -> 21919.472 | R10: =P10-Q10 -> -8965.0276
A11: SKU010 | B11: Hand Wash 250ml | C11: Personal Care | D11: 4800 | E11: 75 | F11: 230 | G11: 0.25 | H11: 5 | I11: 110 | J11: 260 | K11: 13.2 | L11: 5 | M11: =SQRT((2*Inventory_Data!D11*Inventory_Data!F11)/(Inventory_Data!E11*Inventory_Data!G11)) -> 343.16177 | N11: =ROUND(1.65*Inventory_Data!L11*SQRT(Inventory_Data!I11),0) -> 87 | O11: =ROUND((Inventory_Data!K11*Inventory_Data!I11)+Calculation!$A$7,0) -> 1511 | P11: =((Inventory_Data!J11/2*Inventory_Data!E11*Inventory_Data!G11)+(Inventory_Data!D11/Inventory_Data!J11*Inventory_Data!F11)) -> 6683.6538 | Q11: =((Calculation!$A$3/2*Inventory_Data!E11*Inventory_Data!G11)+(Inventory_Data!D11/Calculation!$A$3*Inventory_Data!F11)) -> 7591.0474 | R11: =P11-Q11 -> -907.39351
A12: SKU011 | B12: Atta 10kg | C12: Grocery | D12: 4000 | E12: 450 | F12: 400 | G12: 0.2 | H12: 9 | I12: 180 | J12: 200 | K12: 11 | L12: 4 | M12: =SQRT((2*Inventory_Data!D12*Inventory_Data!F12)/(Inventory_Data!E12*Inventory_Data!G12)) -> 188.56181 | N12: =ROUND(1.65*Inventory_Data!L12*SQRT(Inventory_Data!I12),0) -> 89 | O12: =ROUND((Inventory_Data!K12*Inventory_Data!I12)+Calculation!$A$7,0) -> 2039 | P12: =((Inventory_Data!J12/2*Inventory_Data!E12*Inventory_Data!G12)+(Inventory_Data!D12/Inventory_Data!J12*Inventory_Data!F12)) -> 17000 | Q12: =((Calculation!$A$3/2*Inventory_Data!E12*Inventory_Data!G12)+(Inventory_Data!D12/Calculation!$A$3*Inventory_Data!F12)) -> 30467.469 | R12: =P12-Q12 -> -13467.469
A13: SKU012 | B13: Chips 100g | C13: Food | D13: 7500 | E13: 20 | F13: 170 | G13: 0.28 | H13: 3 | I13: 60 | J13: 480 | K13: 20.5 | L13: 10 | M13: =SQRT((2*Inventory_Data!D13*Inventory_Data!F13)/(Inventory_Data!E13*Inventory_Data!G13)) -> 674.80156 | N13: =ROUND(1.65*Inventory_Data!L13*SQRT(Inventory_Data!I13),0) -> 128 | O13: =ROUND((Inventory_Data!K13*Inventory_Data!I13)+Calculation!$A$7,0) -> 1289 | P13: =((Inventory_Data!J13/2*Inventory_Data!E13*Inventory_Data!G13)+(Inventory_Data!D13/Inventory_Data!J13*Inventory_Data!F13)) -> 4000.25 | Q13: =((Calculation!$A$3/2*Inventory_Data!E13*Inventory_Data!G13)+(Inventory_Data!D13/Calculation!$A$3*Inventory_Data!F13)) -> 3792.6189 | R13: =P13-Q13 -> 207.63106
... A31: SKU030 | B31: Moisturizer 150ml | C31: Personal Care | D31: 3300 | E31: 210 | F31: 330 | G31: 0.25 | H31: 6 | I31: 115 | J31: 180 | K31: 9 | L31: 4 | M31: =SQRT((2*Inventory_Data!D31*Inventory_Data!F31)/(Inventory_Data!E31*Inventory_Data!G31)) -> 203.68042 | N31: =ROUND(1.65*Inventory_Data!L31*SQRT(Inventory_Data!I31),0) -> 71 | O31: =ROUND((Inventory_Data!K31*Inventory_Data!I31)+Calculation!$A$7,0) -> 1094 | P31: =((Inventory_Data!J31/2*Inventory_Data!E31*Inventory_Data!G31)+(Inventory_Data!D31/Inventory_Data!J31*Inventory_Data!F31)) -> 10775 | Q31: =((Calculation!$A$3/2*Inventory_Data!E31*Inventory_Data!G31)+(Inventory_Data!D31/Calculation!$A$3*Inventory_Data!F31)) -> 18023.896 | R31: =P31-Q31 -> -7248.8962

Sheet Calculation
A1: SKU001
A2: Formula 1: EOQ (Economic Order Quantity)
A3: =SQRT((2*Inventory_Data!D2*Inventory_Data!F2)/(Inventory_Data!E2*Inventory_Data!G2)) -> 619.67734 | C3: SQRT((2 × Annual_Demand × Ordering_Cost) ÷ (Unit_Cost × Holding_Pct))
A6: FORMULA 2: Safety Stock
A7: =ROUND(1.65*Inventory_Data!L2*SQRT(Inventory_Data!I2),0) -> 59 | C7: z score (95%) × Std_Dev × SQRT(Lead_Time)
A10: FORMULA 3: Reorder Point (ROP)
A11: =ROUND((Inventory_Data!K2*Inventory_Data!I2)+A7,0) -> 1371 | C11: (Avg_Daily_Demand × Lead_Time) + Safety_Stock
A14: FORMULA 4: Annual Holding Cost Comparison
A15: Current Annual Cost: | D15: (Current_OQ/2 × Unit_Cost × Holding_Pct) + (Annual_Demand/Current_OQ × Ordering_Cost)
A16: =((Inventory_Data!J2/2*Inventory_Data!E2*Inventory_Data!G2)+(Inventory_Data!D2/Inventory_Data!J2*Inventory_Data!F2)) -> 4937.5
A18: Optimized Annual Cost: | D18: (EOQ/2 × Unit_Cost × Holding_Pct) + (Annual_Demand/EOQ × Ordering_Cost)
A19: =((Calculation!A3/2*Inventory_Data!E2*Inventory_Data!G2)+(Inventory_Data!D2/Calculation!A3*Inventory_Data!F2)) -> 3872.9833
A21: Savings: | D21: Current Cost - Optimized Cost
A22: =A16-A19 -> 1064.5167

Sheet ABC_Analysis
A1: ABC Analysis: Rank all SKUs by Annual Spend (Annual Demand × Unit Cost). Classify as:
A3: A items — top 70% of total spend → high control needed
A4: B items — next 20% of spend → moderate control
A5: C items — bottom 10% of spend → low control, bulk ordering fine
A8: SKU_ID | B8: Product_Name | C8: Annual_Demand | D8: Unit_Cost | E8: Annual_Spend | F8: Cumualtive_Spend | G8: Cumulative(%) | H8: ABC | I8: Category_Report | K8: Annual_Spend
A9: SKU011 | B9: Atta 10kg | C9: 4000 | D9: 450 | E9: =C9*D9 -> 1800000 | F9: =E9 -> 1800000 | G9: =(F9/$E$39)*100 -> 11.008838 | H9: =IF(G9<=70,"A",IF(G9<=90,"B","C")) -> A | I9: A (70%) | J9: =COUNTIF(H9:H38,"A") -> 13 | K9: =ROUND(E9/100000,1) -> 18
A10: SKU028 | B10: Basmati Rice 5kg | C10: 2900 | D10: 420 | E10: =C10*D10 -> 1218000 | F10: =F9+E10 -> 3018000 | G10: =(F10/$E$39)*100 -> 18.458151 | H10: =IF(G10<=70,"A",IF(G10<=90,"B","C")) -> A | I10: B (20%) | J10: =COUNTIF(H9:H38,"B") -> 9 | K10: =ROUND(E10/100000,1) -> 12.2
A11: SKU009 | B11: Milk Powder 500g | C11: 3500 | D11: 320 | E11: =C11*D11 -> 1120000 | F11: =F10+E11 -> 4138000 | G11: =(F11/$E$39)*100 -> 25.308095 | H11: =IF(G11<=70,"A",IF(G11<=90,"B","C")) -> A | I11: C (10%) | J11: =COUNTIF(H9:H38,"C") -> 8 | K11: =ROUND(E11/100000,1) -> 11.2
A12: SKU005 | B12: Cooking Oil 1L | C12: 7000 | D12: 150 | E12: =C12*D12 -> 1050000 | F12: =F11+E12 -> 5188000 | G12: =(F12/$E$39)*100 -> 31.729917 | H12: =IF(G12<=70,"A",IF(G12<=90,"B","C")) -> A | K12: =ROUND(E12/100000,1) -> 10.5
A13: SKU026 | B13: Coffee 200g | C13: 2400 | D13: 380 | E13: =C13*D13 -> 912000 | F13: =F12+E13 -> 6100000 | G13: =(F13/$E$39)*100 -> 37.307728 | H13: =IF(G13<=70,"A",IF(G13<=90,"B","C")) -> A | K13: =ROUND(E13/100000,1) -> 9.1
A14: SKU025 | B14: Sunflower Oil 1L | C14: 5800 | D14: 145 | E14: =C14*D14 -> 841000 | F14: =F13+E14 -> 6941000 | G14: =(F14/$E$39)*100 -> 42.451301 | H14: =IF(G14<=70,"A",IF(G14<=90,"B","C")) -> A | K14: =ROUND(E14/100000,1) -> 8.4
A15: SKU002 | B15: Rice 5kg | C15: 3000 | D15: 280 | E15: =C15*D15 -> 840000 | F15: =F14+E15 -> 7781000 | G15: =(F15/$E$39)*100 -> 47.588759 | H15: =IF(G15<=70,"A",IF(G15<=90,"B","C")) -> A | K15: =ROUND(E15/100000,1) -> 8.4
A16: SKU030 | B16: Moisturizer 150ml | C16: 3300 | D16: 210 | E16: =C16*D16 -> 693000 | F16: =F15+E16 -> 8474000 | G16: =(F16/$E$39)*100 -> 51.827161 | H16: =IF(G16<=70,"A",IF(G16<=90,"B","C")) -> A | K16: =ROUND(E16/100000,1) -> 6.9
A17: SKU021 | B17: Washing Powder 2kg | C17: 4600 | D17: 140 | E17: =C17*D17 -> 644000 | F17: =F16+E17 -> 9118000 | G17: =(F17/$E$39)*100 -> 55.765879 | H17: =IF(G17<=70,"A",IF(G17<=90,"B","C")) -> A | K17: =ROUND(E17/100000,1) -> 6.4
A18: SKU020 | B18: Cornflakes 500g | C18: 3600 | D18: 165 | E18: =C18*D18 -> 594000 | F18: =F17+E18 -> 9712000 | G18: =(F18/$E$39)*100 -> 59.398795 | H18: =IF(G18<=70,"A",IF(G18<=90,"B","C")) -> A | K18: =ROUND(E18/100000,1) -> 5.9
A19: SKU022 | B19: Peanut Butter 400g | C19: 2200 | D19: 250 | E19: =C19*D19 -> 550000 | F19: =F18+E19 -> 10262000 | G19: =(F19/$E$39)*100 -> 62.762607 | H19: =IF(G19<=70,"A",IF(G19<=90,"B","C")) -> A | K19: =ROUND(E19/100000,1) -> 5.5
A20: SKU003 | B20: Shampoo 200ml | C20: 4500 | D20: 120 | E20: =C20*D20 -> 540000 | F20: =F19+E20 -> 10802000 | G20: =(F20/$E$39)*100 -> 66.065258 | H20: =IF(G20<=70,"A",IF(G20<=90,"B","C")) -> A | K20: =ROUND(E20/100000,1) -> 5.4
A21: SKU014 | B21: Body Lotion 200ml | C21: 2800 | D21: 180 | E21: =C21*D21 -> 504000 | F21: =F20+E21 -> 11306000 | G21: =(F21/$E$39)*100 -> 69.147732 | H21: =IF(G21<=70,"A",IF(G21<=90,"B","C")) -> A | K21: =ROUND(E21/100000,1) -> 5
A22: SKU004 | B22: Detergent 1kg | C22: 5000 | D22: 90 | E22: =C22*D22 -> 450000 | F22: =F21+E22 -> 11756000 | G22: =(F22/$E$39)*100 -> 71.899942 | H22: =IF(G22<=70,"A",IF(G22<=90,"B","C")) -> B | K22: =ROUND(E22/100000,1) -> 4.5
A23: SKU018 | B23: Coconut Oil 500ml | C23: 3200 | D23: 130 | E23: =C23*D23 -> 416000 | F23: =F22+E23 -> 12172000 | G23: =(F23/$E$39)*100 -> 74.444207 | H23: =IF(G23<=70,"A",IF(G23<=90,"B","C")) -> B | K23: =ROUND(E23/100000,1) -> 4.2
... A38: SKU016 | B38: Instant Noodles | C38: 9000 | D38: 15 | E38: =C38*D38 -> 135000 | F38: =F37+E38 -> 16350500 | G38: =(F38/$E$39)*100 -> 100 | H38: =IF(G38<=70,"A",IF(G38<=90,"B","C")) -> C | K38: =ROUND(E38/100000,1) -> 1.4
E39: =SUM(E9:E38) -> 16350500
